Customer_ID,Customer_Name
1,Quinten Chen
2,Stephen Weaver
3,Jamiya Marsh
4,Isaiah Rush
5,Korbin Greer
6,Leanna Braun
7,Colin Harrington
8,Cole Roberts
9,Cherish Schmidt
10,Fernando Stuart
11,Josephine Perry
12,Adelaide Olsen
13,Sage Chase
14,Dustin Diaz
15,Hector Mcdowell
16,Ezekiel Mccullough
17,Ishaan Orozco
18,Selena Jensen
19,Royce Kelley
20,Christina Massey
21,Stacy Farmer
22,Prince Stokes
23,Carlee Hogan
24,Rylee Lynch
25,Kaliyah Galvan
26,Roy Gordon
27,Adrien Watson
28,Dawson Noble
29,Carsen Sutton
30,Allan Mccarthy
31,Aileen Moyer
32,Marisol Mcmahon
33,Aliyah Murray
34,Maren Giles
35,Beau Atkinson
36,Bailee Richard
37,Jayvon Hanson
38,Jonathan Rasmussen
39,Caiden Pope
40,Tatum Mcmillan
41,Samara Huang
42,Jamarion Mercer
43,Aiden Snyder
44,Willie Jefferson
45,Ryleigh Obrien
46,Denise Garner
47,Elliot Mccarthy
48,Ana Porter
49,Allan Knapp
50,Mitchell Davila
51,Uriah Hanson
52,Asia Ortega
53,Efrain Fry
54,Kayden Henry
55,Roger Morrow
56,Joanna Stevenson
57,Melanie Rangel
58,Zion Mercer
59,Logan Adams
60,Reese Cervantes
61,Helen Blanchard
62,Lyla Collins
63,Kylie Bartlett
64,Laura Watkins
65,Alani Juarez
66,Kayden Barber
67,Zechariah Warner
68,Bridget Villa
69,Jabari Newton
70,Kamila Faulkner
71,Emmy Fischer
72,Rachael Mcintosh
73,Jett Arellano
74,Travis Douglas
75,Leo Greer
76,Ciara Gregory
77,Rodrigo Collins
78,Cannon Schmidt
79,Elisabeth Hines
80,Kali Briggs
81,Hezekiah Zimmerman
82,Melanie Contreras
83,Brisa Carlson
84,Coleman Ortega
85,Dashawn Douglas
86,Hayley Carroll
87,Pierre Hurst
88,Johan Hutchinson
89,Cynthia Sosa
90,Leonidas Higgins
91,Danica Tate
92,Dayanara Lynn
93,Kendall Richard
94,Davin Singh
95,Cedric Roberson
96,Myla Rollins
97,Maia Wong
98,Mason Day
99,Zachariah Knapp
100,Ray Meyers
101,Trevon Cortez
102,Michaela Johnson
103,Brennen Hodge
104,Milagros Villanueva
105,Catalina Flores
106,Kaylynn Stone
107,Nikolas Lawson
108,Kadin Pineda
109,Micah Khan
110,Shamar Stephens
111,Cora Andrews
112,Ernest Hart
113,Xavier Stanley
114,Brooks Arroyo
115,Orlando Kaiser
116,Fatima Travis
117,Ezekiel Grant
118,Marcelo Blevins
119,Eli Sloan
120,Beckham Ryan
121,Amya Barber
122,Immanuel Guerra
123,Sanaa Cherry
124,Mckayla Lowery
125,Howard Vaughan
126,Miguel Padilla
127,Grace Vance
128,Lana Gamble
129,Kaydence Sheppard
130,Isabell Harrell
131,Elaina Harrison
132,Danica Walton
133,Jaelynn Gregory
134,Esperanza Steele
135,Amber Rosales
136,Kathryn Clarke
137,Kiley Petersen
138,Chris Greer
139,Carla Robbins
140,Cooper Chang
141,Kenneth Washington
142,Lizeth Strickland
143,Trace Galloway
144,Javier Burton
145,Aliya Crosby
146,Killian Fletcher
147,Danica Conrad
148,Kendra Gill
149,Serenity Murphy
150,Ulises Ferrell
151,Trey Hoover
152,Marie Suarez
153,Cory Weber
154,Silas Ortega
155,Beatrice Booker
156,Martha Young
157,Rishi Chapman
158,Dayanara Hobbs
159,Jared Lucas
160,Vicente Fowler
161,Braeden Moyer
162,Katherine Holder
163,Amani Hensley
164,Noah Carlson
165,Lea Mcfarland
166,Emerson Liu
167,Terry Armstrong
168,Tamia Mckee
169,Larissa Vaughn
170,Carmelo Chan
171,Tori Parsons
172,Angelina Wilkins
173,Seamus Hull
174,Byron Bennett
175,Karter Galvan
176,Brooklyn Reilly
177,Kayleigh Bennett
178,Kolton Forbes
179,Quinn Hurst
180,Damarion Wright
181,Raven Davies
182,Augustus Mays
183,Shannon Mills
184,Humberto Blackburn
185,Selina Ewing
186,Shelby Bryan
187,Alessandra Lee
188,Misael Chambers
189,Kaeden Wood
190,Kinley Baldwin
191,Gael Hayes
192,Roger Reynolds
193,Aydin Moran
194,Rowan Matthews
195,Xavier Small
196,Heaven Alexander
197,King Molina
198,Bo Mata
199,Davis Clark
200,Shyann Gaines
201,Joanna Duarte
202,Adriel Walsh
203,Noah Joyce
204,Mareli Arellano
205,Brielle Fry
206,Jade Singh
207,Cherish Ball
208,Russell Rivas
209,Meadow Potter
210,Adalynn Wyatt
211,Roy Blake
212,Konner Gay
213,Eden Hayden
214,Destinee Wall
215,Kobe Chan
216,Sylvia Russo
217,Ciara Arnold
218,Samir Chaney
219,Josh Francis
220,Evangeline Hawkins
221,Elian Williams
222,Jesse Gomez
223,Hallie Frost
224,Broderick Leblanc
225,Mariyah Saunders
226,Ahmad Snyder
227,Angel Shelton
228,Morgan Carr
229,Jamarcus Harrell
230,Quinten Barber
231,Avah Santana
232,Katherine Manning
233,Isaac Ashley
234,Jimmy Beard
235,Saul Cuevas
236,Killian Rush
237,Jaslene Franklin
238,Shaylee Butler
239,Shelby Vang
240,Adrian Gardner
241,Jaidyn Wagner
242,Jocelynn Maynard
243,Bryant Villegas
244,Lexie Ho
245,Annabelle Levine
246,Dax Hayden
247,Kenneth Copeland
248,Cara Blevins
249,Spencer Walter
250,Zack Velez
251,Declan Stone
252,Alexis Weaver
253,Triston Cardenas
254,Zaid Galvan
255,Jordyn Hamilton
256,Dalia Evans
257,Aubree Klein
258,Roselyn Donovan
259,Amani Jones
260,Yasmin Vega
261,Gunner Cole
262,Amirah Love
263,Raina Landry
264,Ricardo Tapia
265,Kyla Moreno
266,Randy Morris
267,Nigel Erickson
268,Destiney Cannon
269,Mitchell Thornton
270,Alia Bond
271,Jeffery Anthony
272,Nelson Short
273,Cynthia Wilson
274,Demarcus Gillespie
275,Damien Fitzgerald
276,Jan Finley
277,Sienna Stephenson
278,Brielle Carr
279,Yazmin West
280,Shyann Zimmerman
281,Elsie Howe
282,Mathias Berger
283,Clarence Mcintyre
284,Logan Diaz
285,Elsa Wagner
286,Regina Castaneda
287,Destiny Barrett
288,Jean Zamora
289,Francis Ortiz
290,Reese Jefferson
291,Macie Bowers
292,Kinley Hanna
293,Wayne Mcdaniel
294,Sergio Willis
295,Antony Stone
296,Pamela Knapp
297,Martin Glover
298,Jordan Zimmerman
299,Jake Pittman
300,Liam Tucker
301,Xzavier Bush
302,Emilie Morris
303,Ethen Gallagher
304,Katrina Schwartz
305,Estrella Moses
306,Mohamed Owen
307,Jesse Beltran
308,Miah Mueller
309,Reece Nolan
310,Emery Blevins
311,Cash Miranda
312,Kaylah Melton
313,Adyson Pugh
314,Gunnar Hartman
315,Kasey Lamb
316,Jaidyn Patel
317,Liliana Gilmore
318,Gavyn Richards
319,Alejandro Kline
320,Renee Russo
321,Jaylen Nixon
322,Heaven Boyle
323,Lexi Boone
324,Easton Osborne
325,Junior Donovan
326,Julius Evans
327,Tripp Chambers
328,Cristina Callahan
329,Daisy Paul
330,Tyrell Bradshaw
331,Mylee Frederick
332,Jayce Walls
333,Raphael Esparza
334,Miles Huerta
335,Jaydon Lucero
336,Donte Mcintyre
337,Ruby Levy
338,Saniya Stephenson
339,Cierra Stout
340,Brenna Buchanan
341,Lennon Fitzpatrick
342,Alia Stevenson
343,Dayton Stark
344,Damien Howe
345,Mitchell Jarvis
346,Marcelo Ward
347,Trevon Paul
348,Jacquelyn Ochoa
349,Beau Sherman
350,Reece Cooley
351,Sienna Velasquez
352,Gina Santiago
353,Madeline Liu
354,Damon Gentry
355,Boston Grant
356,Andrew Hull
357,Cason Novak
358,Hugo Soto
359,Neil Haynes
360,Linda Huffman
361,Nayeli Kent
362,Averi Ali
363,Yair Coffey
364,Kaylynn Velasquez
365,Emilia Keller
366,Ashly Little
367,Madyson Huffman
368,Karlee Stanley
369,Lisa York
370,Jaqueline Bridges
371,Dayami Hancock
372,Brycen Lowery
373,Andy Patrick
374,Giancarlo Mathews
375,Dominick Becker
376,Maverick Hughes
377,Cheyenne Gaines
378,Derek Huerta
379,Geovanni Powell
380,Skyler Henson
381,Malcolm Werner
382,Corinne Montes
383,Brennen Rosales
384,Lillian Mercer
385,Sidney Fisher
386,Linda Crawford
387,Anika Jacobs
388,London Bowman
389,Jaylan Hardin
390,Zoey Kelley
391,Tyrone Rivers
392,Alexandra Moore
393,Monserrat Freeman
394,Adam Chang
395,Amiyah Hill
396,Jaime Stone
397,Elijah Blackburn
398,Aspen Haas
399,Guillermo Stone
400,Erik Walters
401,Rey Rich
402,Selina Jimenez
403,Riya Duran
404,Elisha Rollins
405,Ayaan Cardenas
406,Isla Petersen
407,Tyshawn Hahn
408,Carly House
409,Beckett Powell
410,Scott Daniel
411,Brandon Pope
412,Makenna Huff
413,Mariana Moss
414,James Knox
415,Lainey Stevens
416,Jaxson Johns
417,Dayana Sparks
418,Leroy Farley
419,Franco Mahoney
420,Lee Krueger
421,Brooklynn Glover
422,Nash Mooney
423,Rory Farley
424,Niko Castillo
425,Johnathon Newman
426,Randy Berry
427,Valery Garrison
428,Kian Ritter
429,Quinten Black
430,Taryn Nielsen
431,Justine Williams
432,Delilah Richard
433,Marlon Kaufman
434,Lexie Ellison
435,Siena Carlson
436,Elisha Bruce
437,Emilie Hodge
438,Dwayne Alvarado
439,Davin Schroeder
440,Soren Buckley
441,Camille Tran
442,Eva Gordon
443,Isai Richmond
444,Maeve Ochoa
445,Peter Wang
446,Spencer English
447,Luke Mcbride
448,Naomi Bird
449,Charlie Bryant
450,Brian Gregory
451,Damion Rangel
452,Johnathon Barry
453,Jayla Bowman
454,Jordin Reynolds
455,Reginald Lam
456,Aleah Escobar
457,Daniella Nelson
458,Amber Hill
459,Jaidyn Jacobs
460,Kayden Woodard
461,Jayda Tate
462,Travis Holden
463,Adalynn Gray
464,Neil Ward
465,Cindy Barnett
466,Walter Mcdonald
467,Morgan Lamb
468,Lee Kline
469,Hadassah House
470,Ben Key
471,Addyson Wilson
472,Jadyn Cooper
473,Bianca Marsh
474,Stanley Best
475,William Norton
476,Peter Faulkner
477,Jaylan Mcgee
478,Elisa Chandler
479,Frida Chase
480,Cherish Myers
481,Zander Zavala
482,Isai Benton
483,Ayanna Hebert
484,Marquise Oliver
485,Tabitha Ward
486,Jayla Lawrence
487,Rene Holloway
488,Madalynn Holt
489,Ronald Mcknight
490,Mark Singleton
491,Elaina Mcgee
492,Octavio Hardy
493,Ainsley Rangel
494,Kylie Ferguson
495,Maggie Hays
496,Easton Archer
497,Slade Anthony
498,Shaniya Gaines
499,Edwin Duke
500,Nathalie Miranda
501,Kaiden Cardenas
502,Aarav Lutz
503,Jude Li
504,Mira Oneill
505,Urijah Orozco
506,Shaylee Porter
507,Quinn Jennings
508,Mauricio Whitehead
509,Jameson Becker
510,Jerimiah Hodges
511,Hector Villa
512,Jett Molina
513,Kathryn Houston
514,Everett Finley
515,Mauricio Boyle
516,Amaris Garza
517,Kara Fox
518,Raven Hicks
519,Daisy Mosley
520,Gael Walters
521,Yael Gilmore
522,Kyleigh Gregory
523,Taniyah Daniels
524,Raina Gentry
525,Ellis Carroll
526,Anna Barr
527,Abigail Vasquez
528,Sam Kent
529,Mathias Kim
530,Carson Wolfe
531,Antoine Walton
532,Layne Mata
533,Kendrick Kane
534,Angelo Pena
535,Destiny Woodard
536,Mckenzie Vaughn
537,Maximilian Wagner
538,Zara Hopkins
539,Cash Irwin
540,Roland Brewer
541,Drake English
542,Jocelynn Villa
543,Clare Osborn
544,Walter Villanueva
545,Elsie Ewing
546,Diego Dalton
547,Danny Moyer
548,Dale Conley
549,Precious Robinson
550,Antony Calderon
551,Skye Padilla
552,Olivia Kaiser
553,Justice Frey
554,Broderick Webb
555,Joy Whitaker
556,Kamryn Campos
557,Cody Mahoney
558,Micah Donovan
559,Quinten Brewer
560,Amelie Ponce
561,Zara Abbott
562,Hana Willis
563,Charlize Lam
564,Penelope Martin
565,Franco Hughes
566,Aiden Wu
567,Diya Austin
568,Mckayla Fitzpatrick
569,Kael Macdonald
570,Harmony Davidson
571,Tristian Stanley
572,Brent Spencer
573,Ayaan Khan
574,Shayla David
575,Lainey Strickland
576,Kole Ballard
577,Ali Paul
578,Siena Daugherty
579,Zaid Crane
580,Zariah Villa
581,Jaime Benjamin
582,Alena Whitehead
583,Edwin Esparza
584,Isiah Parker
585,Morgan Randolph
586,Javion Velez
587,Janiah Owens
588,Jasiah Harrell
589,Brayden Valdez
590,Chasity House
591,Marlon French
592,Rashad Richardson
593,Braydon Hanna
594,Jamari Stein
595,Grady Duarte
596,Jude Perry
597,Ezra Clay
598,Lena Marsh
599,Izaiah Tapia
600,Leslie Rubio
601,Parker Jensen
602,Lilliana Thornton
603,Shania Kerr
604,Cornelius Arnold
605,Maximillian Quinn
606,Memphis Arroyo
607,Harper Maxwell
608,Marilyn Giles
609,Adrienne Casey
610,Alena Goodman
611,Kason Hopkins
612,Stephany Hernandez
613,Beau Mcgee
614,Madilynn Dunlap
615,Marvin Bailey
616,Zoey Ray
617,Lyric Cardenas
618,Jerome Munoz
619,Mila Brady
620,Christian Salas
621,Brooklynn Kent
622,Kenyon Oconnell
623,Isis Everett
624,Sanai Holmes
625,Natalee Christensen
626,London Jacobs
627,Royce Simmons
628,Willie Marshall
629,Zackary Stephenson
630,Willie Edwards
631,Rachel Sloan
632,Jovanny Hunter
633,Jamarcus Mcneil
634,Myah Kirby
635,Francis Leach
636,Donna Morrow
637,Madyson Cunningham
638,Estrella Palmer
639,Kamari Decker
640,Jamarion Sutton
641,Kai Collier
642,Hailee Martin
643,Jessie Melton
644,Cesar Crawford
645,Billy Castro
646,Cody Edwards
647,Finley Blair
648,Erin Whitney
649,Gaven Cooley
650,Adison Suarez
651,Jakob Stevens
652,Cameron Kent
653,Jake Mendez
654,Arthur Fletcher
655,Leonidas Payne
656,Jacqueline Pacheco
657,Randy Drake
658,Sonny Braun
659,Josue Barajas
660,Janelle Randolph
661,Landin Ayala
662,Damian Hayes
663,Kaylyn Barron
664,Yesenia Moon
665,Cordell Lucas
666,Rocco Andrade
667,Kenzie Solis
668,Kaleigh Barr
669,Lizbeth Watson
670,Mylie Wyatt
671,Duncan Shepard
672,Darien Beck
673,Lorena Hall
674,Regina Mullen
675,Yasmine Jordan
676,Matias Bonilla
677,Violet Gay
678,Jaycee Collier
679,Kylan Ponce
680,Alexzander Santos
681,Sarah Briggs
682,Keagan Lopez
683,Alisa Chapman
684,Zachery Hunter
685,Noemi Harris
686,Nayeli Morrison
687,Isabel Melton
688,Craig Sloan
689,Fiona Bryan
690,Justus Cline
691,Jamiya Irwin
692,Justin Campos
693,Gillian Atkins
694,Alannah Hunt
695,Colten Ferguson
696,Julian Pearson
697,Maribel Pacheco
698,Libby Brewer
699,Randall Coffey
700,Rhys Mayer
701,Ayla Le
702,Kyan Moyer
703,Avery Austin
704,Delilah Sloan
705,Marvin Medina
706,Hayden Vaughn
707,Andreas Molina
708,Alani Lawrence
709,Emerson Hunter
710,Will Gaines
711,Cory Best
712,Kailyn Castillo
713,Nora Hutchinson
714,Corinne Lin
715,Lillian Jefferson
716,Talon Bates
717,Camden Cardenas
718,Elisha Woodward
719,Efrain Frost
720,Taryn Sweeney
721,Jabari Riggs
722,Madden Molina
723,Isaiah Cochran
724,Jayce Carr
725,Cade Compton
726,Reilly Lutz
727,Martin Pratt
728,Arnav Gordon
729,Jeremy Saunders
730,Andres Marquez
731,Alena Jimenez
732,Stacy Stephens
733,Arielle Blanchard
734,Owen Ballard
735,Maritza Le
736,Magdalena Barr
737,Jadiel Steele
738,Nicolas Lozano
739,Julian Hardy
740,Simeon Bates
741,Daniel Schultz
742,Abril Jacobs
743,Alissa Sosa
744,Kristen Ford
745,Courtney Hart
746,Annalise Butler
747,Esperanza Fitzpatrick
748,Steve Peters
749,Abbie Matthews
750,Zayden Pollard
751,Shaniya Shaffer
752,Ray Dunlap
753,Jakob Freeman
754,Madyson Sanford
755,Ellen Hubbard
756,Alissa Kennedy
757,Anabel Terry
758,Carolyn Estes
759,Gilbert Rojas
760,Tristan Lamb
761,Aron Mahoney
762,Abbie Phillips
763,Landon Banks
764,Devin Bender
765,Talan Lang
766,Harold Liu
767,Margaret Zavala
768,Erik Mccann
769,Matilda Massey
770,Haylee May
771,Janiya Cox
772,Finley Carpenter
773,Patrick Lewis
774,Lauren Reilly
775,Sean Gray
776,Reed Schultz
777,Layton Park
778,Luis Jacobs
779,Cloe Villanueva
780,Quinn Steele
781,Noelle Benitez
782,Shayna Patton
783,Emelia Zimmerman
784,Jovany Hernandez
785,Beckett Mcintosh
786,Phillip Olson
787,Reynaldo Mckenzie
788,Cortez Nelson
789,Sawyer Randall
790,Jason Bonilla
791,Joseph Richardson
792,Zackary Nixon
793,Eileen Sparks
794,Royce Cervantes
795,Malakai Valdez
796,Alfonso Rogers
797,Slade Lynch
798,Yandel Mahoney
799,Chris Hancock
800,Emilia Wiley
801,Kelly Shelton
802,Josh Skinner
803,Josue Clayton
804,Jovany Bass
805,Donald Riggs
806,Alexis Blevins
807,Steven Wilson
808,Cristal Robbins
809,Malia Norris
810,Joshua Le
811,Connor Owen
812,Campbell Green
813,Johnny Little
814,Cruz Mosley
815,Lucy Eaton
816,Frida Cisneros
817,Joselyn Day
818,Maleah Maldonado
819,Natalee Cochran
820,Zachery Palmer
821,Kylee Hubbard
822,Elsie Jensen
823,Ahmed Rowland
824,Marley Wright
825,Carmelo Silva
826,Sofia Jacobs
827,Terry Browning
828,Josue Holland
829,Mike Jones
830,Ashlyn Barry
831,Armani Sosa
832,Rolando Lamb
833,Kamari Church
834,Salvatore Avery
835,Maryjane Bennett
836,Brianna Humphrey
837,Amiya Simmons
838,Jaydan Bond
839,Alejandra Adkins
840,Seth Arellano
841,Rudy Stanton
842,Cesar Ward
843,Jenna Baird
844,Lincoln Arellano
845,Riley Meza
846,Darnell Maldonado
847,Van Castaneda
848,Kaia Foley
849,Richard Estes
850,Xiomara Kelley
851,Yaritza Washington
852,Leyla Brady
853,Brogan Melton
854,Laila Pineda
855,Shaylee Swanson
856,Axel Gilmore
857,Shawn Fuller
858,Leslie Fischer
859,Lillie Knapp
860,Aidyn Bond
861,Ignacio Greene
862,Phoebe Garrett
863,Michael Compton
864,Douglas Villegas
865,Anahi Briggs
866,Addison Sampson
867,Blaine Hensley
868,Maliyah Johns
869,Talan Koch
870,Carlo Phillips
871,Iris Carson
872,London Hardy
873,Cara Moon
874,Estrella Moon
875,Cornelius Stevenson
876,Demarcus Keller
877,Athena Rodriguez
878,Judah Contreras
879,Harper Ellison
880,Gerardo Collier
881,Destinee Kirk
882,Finnegan Robertson
883,Kelsey Ellison
884,Sebastian Richard
885,Natalia Rojas
886,Maya Bautista
887,Libby Phelps
888,Konner Gay
889,Averie Murillo
890,Emmanuel Huff
891,Ashanti Nolan
892,Lizbeth Brock
893,Ari Weeks
894,Marlee Lamb
895,Freddy Orozco
896,Alice Yang
897,Alexa Mann
898,Summer Calderon
899,Yuliana Chase
900,Jocelyn Alvarado
901,Keegan Hicks
902,Killian Ibarra
903,Audrina Zhang
904,Karli Cantrell
905,Reese Bautista
906,Kelsie Shepard
907,Dayanara Diaz
908,Ansley Love
909,Devin Velasquez
910,Micah Stanton
911,Reginald Campbell
912,Terrell Ellis
913,Saul Lucero
914,June Fields
915,Hassan Woods
916,Faith Morgan
917,Jonathan Randolph
918,Sarai Bean
919,Julius Stephens
920,Jordan Barber
921,Grant Olsen
922,Holly Knox
923,Maria Hull
924,Kaia Luna
925,London Lowe
926,Londyn Valentine
927,India Harmon
928,Julio Mcguire
929,Philip Page
930,Rey Roach
931,Tomas Berger
932,Ernesto Galvan
933,Markus Ibarra
934,Aisha Castillo
935,Leonel Steele
936,Danica Swanson
937,Lennon Velazquez
938,Kiara Summers
939,Rylan Santos
940,Aubree Esparza
941,Reuben Browning
942,Mara Dougherty
943,Philip Haynes
944,Reginald Cook
945,Luciana Chambers
946,Giada Velasquez
947,London English
948,Aubrey Carr
949,Jayvion Clements
950,Caitlin Callahan
951,Randy Curtis
952,Mira Cordova
953,Cecilia Drake
954,Jace Drake
955,Helena Conley
956,Miley Durham
957,Kasen Noble
958,Clare Hamilton
959,Bailey Young
960,Randy Shaw
961,Mollie Mcfarland
962,Amiya Nixon
963,Hope Odonnell
964,Tabitha Murillo
965,Sidney Garrett
966,Iris Rubio
967,Timothy Murillo
968,Nash Stark
969,Lisa Bond
970,Greta Braun
971,Luz Curry
972,Kevin Mcgrath
973,Lilianna Gutierrez
974,Monserrat Williams
975,Stanley Zimmerman
976,Tanner Bean
977,Blaze Hahn
978,Ariana Whitehead
979,Mark Delacruz
980,Krystal Harris
981,Nylah Winters
982,Kenzie Marshall
983,Coby Gonzalez
984,Josie Yang
985,Amira Jackson
986,Jermaine Sharp
987,Zackary Fry
988,Mallory Browning
989,Levi Golden
990,Perla Waters
991,Monique Rosario
992,Mariam Stephenson
993,Luciano Barton
994,Emery Roth
995,Antoine Pena
996,Nash Kim
997,Ricardo Macias
998,Arthur Todd
999,Haleigh Blackwell
1000,Ansley Daugherty
